#SampleID	SequenceName	BarcodeSequence	LinkerPrimerSequence	Barcode	FrogID	Site	Latitude	Longitude	ChytridResult	ZoosporeEquivalents	logZoospores	Date	Description
11.W1062BDA	IL515rcbc37	ACCTTACACCTT	GTGYCAGCMGCCGCGGTAA	37	W1062BDA	W1062	46.9987	-116.22641	Positive	1	1	8/15/2013	WalkePC19A_IFG13_11.W1062BDA
129.W1249BDA	IL515rcbc18	GGTTGCCCTGTA	GTGYCAGCMGCCGCGGTAA	18	W1249BDA	W1249	47.08687	-115.96252	Negative	0	0	7/15/2013	WalkePC19A_IFG13_129.W1249BDA
130.W1249BDB	IL515rcbc19	CATATAGCCCGA	GTGYCAGCMGCCGCGGTAA	19	W1249BDB	W1249	47.08687	-115.96252	Negative	0	0	7/15/2013	WalkePC19A_IFG13_130.W1249BDB
134.W1256BDA	IL515rcbc65	CAAACGCACTAA	GTGYCAGCMGCCGCGGTAA	65	W1256BDA	W1256	47.40953	-116.01257	Negative	0	0	8/17/2013	WalkePC19A_IFG13_134.W1256BDA
135.W1256BDB	IL515rcbc54	GTTGATACGATG	GTGYCAGCMGCCGCGGTAA	54	W1256BDB	W1256	47.40953	-116.01257	Positive	54	2.73239376	8/17/2013	WalkePC19A_IFG13_135.W1256BDB
136.W1256BDC	IL515rcbc55	GTCAACGCTGTC	GTGYCAGCMGCCGCGGTAA	55	W1256BDC	W1256	47.40953	-116.01257	Positive	2	1.301029996	8/17/2013	WalkePC19A_IFG13_136.W1256BDC
137.W1257BDA	IL515rcbc52	TCTCTTTCGACA	GTGYCAGCMGCCGCGGTAA	52	W1257BDA	W1257	47.42566	-116.00834	Positive	39	2.591064607	8/16/2013	WalkePC19A_IFG13_137.W1257BDA
141.W1260BDB	IL515rcbc56	TGAGACCCTACA	GTGYCAGCMGCCGCGGTAA	56	W1260BDB	W1260	47.5599	-116.02542	Negative	0	0	7/9/2013	WalkePC19A_IFG13_141.W1260BDB
142.W1260BDC	IL515rcbc57	ACTTGGTGTAAG	GTGYCAGCMGCCGCGGTAA	57	W1260BDC	W1260	47.5599	-116.02542	Negative	0	0	7/9/2013	WalkePC19A_IFG13_142.W1260BDC
152.W1295BDB	IL515rcbc68	TTACACAAAGGC	GTGYCAGCMGCCGCGGTAA	68	W1295BDB	W1295	47.11198	-115.92621	Positive	734	3.86569606	7/29/2013	WalkePC19A_IFG13_152.W1295BDB
153.W1295BDC	IL515rcbc70	TATCCAAGCGCA	GTGYCAGCMGCCGCGGTAA	70	W1295BDC	W1295	47.11198	-115.92621	Positive	15	2.176091259	7/29/2013	WalkePC19A_IFG13_153.W1295BDC
155.W1301BDB	IL515rcbc58	ATTACGTATCAT	GTGYCAGCMGCCGCGGTAA	58	W1301BDB	W1301	47.39214	-115.91964	Negative	0	0	8/24/2013	WalkePC19A_IFG13_155.W1301BDB
156.W1301BDC	IL515rcbc59	CACGCAGTCTAC	GTGYCAGCMGCCGCGGTAA	59	W1301BDC	W1301	47.39214	-115.91964	Negative	0	0	8/24/2013	WalkePC19A_IFG13_156.W1301BDC
157.W1346BDA	IL515rcbc60	TGTGCACGCCAT	GTGYCAGCMGCCGCGGTAA	60	W1346BDA	W1346	47.33242	-115.83236	Positive	4920	4.691965103	8/24/2013	WalkePC19A_IFG13_157.W1346BDA
158.W1346BDB	IL515rcbc61	CCGGACAAGAAG	GTGYCAGCMGCCGCGGTAA	61	W1346BDB	W1346	47.33242	-115.83236	Positive	7	1.84509804	8/24/2013	WalkePC19A_IFG13_158.W1346BDB
159.W1346BDC	IL515rcbc62	TTGCTGGACGCT	GTGYCAGCMGCCGCGGTAA	62	W1346BDC	W1346	47.33242	-115.83236	Positive	35	2.544068044	8/24/2013	WalkePC19A_IFG13_159.W1346BDC
166.W135BDA	IL515rcbc14	ACTCGCTCGCTG	GTGYCAGCMGCCGCGGTAA	14	W135BDA	W135	48.69876	-116.65073	Negative	0	0	8/13/2013	WalkePC19A_IFG13_166.W135BDA
167.W135BDB	IL515rcbc15	TTCCTTAGTAGT	GTGYCAGCMGCCGCGGTAA	15	W135BDB	W135	48.69876	-116.65073	Negative	0	0	8/13/2013	WalkePC19A_IFG13_167.W135BDB
168.W135BDC	IL515rcbc16	CGTCCGTATGAA	GTGYCAGCMGCCGCGGTAA	16	W135BDC	W135	48.69876	-116.65073	Negative	0	0	8/13/2013	WalkePC19A_IFG13_168.W135BDC
170.W137BDA	IL515rcbc17	ACGTGAGGAACG	GTGYCAGCMGCCGCGGTAA	17	W137BDA	W137	48.77758	-116.67493	Positive	1	1	8/3/2013	WalkePC19A_IFG13_170.W137BDA
174.W1396BDA	IL515rcbc63	TACTAACGCGGT	GTGYCAGCMGCCGCGGTAA	63	W1396BDA	W1396	47.42992	-115.80214	Negative	0	0	8/16/2013	WalkePC19A_IFG13_174.W1396BDA
175.W1396BDB	IL515rcbc64	GCGATCACACCT	GTGYCAGCMGCCGCGGTAA	64	W1396BDB	W1396	47.42992	-115.80214	Negative	0	0	8/16/2013	WalkePC19A_IFG13_175.W1396BDB
179.W144BDA	IL515rcbc24	TGACTAATGGCC	GTGYCAGCMGCCGCGGTAA	24	W144BDA	W144	48.51142	-116.57792	Positive	1	1	8/20/2013	WalkePC19A_IFG13_179.W144BDA
180.W145BDA	IL515rcbc25	CGGGACACCCGA	GTGYCAGCMGCCGCGGTAA	25	W145BDA	W145	48.55127	-116.5598	Positive	1	1	8/26/2013	WalkePC19A_IFG13_180.W145BDA
184.W148BDA	IL515rcbc23	TAATCGGTGCCA	GTGYCAGCMGCCGCGGTAA	23	W148BDA	W148	48.65967	-116.59933	Negative	0	0	8/27/2013	WalkePC19A_IFG13_184.W148BDA
187.W148V3BDB	IL515rcbc69	ACGACGCATTTG	GTGYCAGCMGCCGCGGTAA	69	W148V3BDB	W148V3	48.6595	-116.59918	Positive	8	1.903089987	7/11/2014	WalkePC19A_IFG13_187.W148V3BDB
192.W148V5BDA	IL515rcbc26	CTGTCTATACTA	GTGYCAGCMGCCGCGGTAA	26	W148V5BDA	W148V5	48.6595	-116.59918	Positive	153	3.184691431	8/13/2014	WalkePC19A_IFG13_192.W148V5BDA
2.W1006BDA	IL515rcbc46	AATAACTAGGGT	GTGYCAGCMGCCGCGGTAA	46	W1006BDA	W1006	48.50041	-116.46627	Negative	0	0	6/18/2013	WalkePC19A_IFG13_2.W1006BDA
20.W1093BDB	IL515rcbc81	GCTCGAAGATTC	GTGYCAGCMGCCGCGGTAA	81	W1093BDB	W1093	48.35801	-116.29588	Positive	101	3.004321374	6/16/2014	WalkePC19A_IFG13_20.W1093BDB
200.W149BDC	IL515rcbc20	GCCTATGAGATC	GTGYCAGCMGCCGCGGTAA	20	W149BDC	W149	48.7395	-116.61693	Positive	1	1	8/10/2013	WalkePC19A_IFG13_200.W149BDC
202.W158BDA	IL515rcbc21	CAAGTGAAGGGA	GTGYCAGCMGCCGCGGTAA	21	W158BDA	W158	48.60915	-116.52594	Negative	0	0	8/27/2013	WalkePC19A_IFG13_202.W158BDA
203.W158BDB	IL515rcbc22	CACGTTTATTCC	GTGYCAGCMGCCGCGGTAA	22	W158BDB	W158	48.60915	-116.52594	Negative	0	0	8/27/2013	WalkePC19A_IFG13_203.W158BDB
21.W1093BDC	IL515rcbc82	TATTTGATTGGT	GTGYCAGCMGCCGCGGTAA	82	W1093BDC	W1093	48.35801	-116.29588	Positive	67	2.826074803	6/16/2014	WalkePC19A_IFG13_21.W1093BDC
210.W169BDB	IL515rcbc27	TATGCCAGAGAT	GTGYCAGCMGCCGCGGTAA	27	W169BDB	W169	48.74558	-116.41743	Positive	341	3.532754379	9/2/2013	WalkePC19A_IFG13_210.W169BDB
211.W169BDC	IL515rcbc28	CGTTTGGAATGA	GTGYCAGCMGCCGCGGTAA	28	W169BDC	W169	48.74558	-116.41743	Positive	5032	4.701740632	9/2/2013	WalkePC19A_IFG13_211.W169BDC
213.W172BDB	IL515rcbc72	GGTGAGCAAGCA	GTGYCAGCMGCCGCGGTAA	72	W172BDB	W172	48.87888	-116.43067	Negative	0	0	6/15/2014	WalkePC19A_IFG13_213.W172BDB
226.W1924BDA	IL515rcbc85	ACTCCCGTGTGA	GTGYCAGCMGCCGCGGTAA	85	W1924BDA	W1924	46.97016	-116.56654	Negative	0	0	7/15/2014	WalkePC19A_IFG13_226.W1924BDA
227.W1924BDB	IL515rcbc86	CGGTATAGCAAT	GTGYCAGCMGCCGCGGTAA	86	W1924BDB	W1924	46.97016	-116.56654	Negative	0	0	7/15/2014	WalkePC19A_IFG13_227.W1924BDB
228.W1932BDA	IL515rcbc75	GTCGTCCAAATG	GTGYCAGCMGCCGCGGTAA	75	W1932BDA	W1932	46.97565	-116.49174	Negative	0	0	7/14/2014	WalkePC19A_IFG13_228.W1932BDA
236.W1956BDA	IL515rcbc87	GACTCTGCTCAG	GTGYCAGCMGCCGCGGTAA	87	W1956BDA	W1956	46.91599	-116.24656	Negative	0	0	7/13/2014	WalkePC19A_IFG13_236.W1956BDA
237.W1956BDB	IL515rcbc88	GTCATGCTCCAG	GTGYCAGCMGCCGCGGTAA	88	W1956BDB	W1956	46.91599	-116.24656	Negative	0	0	7/13/2014	WalkePC19A_IFG13_237.W1956BDB
238.W1956BDC	IL515rcbc89	TACCGAAGGTAT	GTGYCAGCMGCCGCGGTAA	89	W1956BDC	W1956	46.91599	-116.24656	Negative	0	0	7/13/2014	WalkePC19A_IFG13_238.W1956BDC
240.W1961BDB	IL515rcbc38	TAATCTCGCCGG	GTGYCAGCMGCCGCGGTAA	38	W1961BDB	W1961	46.92138	-116.16531	Positive	583	3.765668555	7/25/2014	WalkePC19A_IFG13_240.W1961BDB
243.W1966BDB	IL515rcbc39	ATCTAGTGGCAA	GTGYCAGCMGCCGCGGTAA	39	W1966BDB	W1966	46.96122	-116.11333	Positive	15	2.176091259	7/26/2014	WalkePC19A_IFG13_243.W1966BDB
245.W1972BDB	IL515rcbc40	ACGCTTAACGAC	GTGYCAGCMGCCGCGGTAA	40	W1972BDB	W1972	47.03527	-116.02062	Negative	0	0	8/16/2013	WalkePC19A_IFG13_245.W1972BDB
246.W1972BDC	IL515rcbc41	TACGGATTATGG	GTGYCAGCMGCCGCGGTAA	41	W1972BDC	W1972	47.03527	-116.02062	Negative	0	0	8/16/2013	WalkePC19A_IFG13_246.W1972BDC
248.W1979BDB	IL515rcbc42	ATACATGCAAGA	GTGYCAGCMGCCGCGGTAA	42	W1979BDB	W1979	47.03564	-115.98238	Positive	19	2.278753601	7/24/2014	WalkePC19A_IFG13_248.W1979BDB
249.W1979BDC	IL515rcbc43	CTTAGTGCAGAA	GTGYCAGCMGCCGCGGTAA	43	W1979BDC	W1979	47.03564	-115.98238	Positive	17	2.230448921	7/24/2014	WalkePC19A_IFG13_249.W1979BDC
254.W2000BDB	IL515rcbc90	TGAGTATGAGTA	GTGYCAGCMGCCGCGGTAA	90	W2000BDB	W2000	46.98909	-115.80888	Negative	0	0	7/26/2014	WalkePC19A_IFG13_254.W2000BDB
255.W2000BDC	IL515rcbc91	AATGGTTCAGCA	GTGYCAGCMGCCGCGGTAA	91	W2000BDC	W2000	46.98909	-115.80888	Negative	0	0	7/26/2014	WalkePC19A_IFG13_255.W2000BDC
257.W2021BDB	IL515rcbc92	GAACCAGTACTC	GTGYCAGCMGCCGCGGTAA	92	W2021BDB	W2021	46.95613	-115.51434	Positive	15	2.176091259	7/28/2014	WalkePC19A_IFG13_257.W2021BDB
258.W2021BDC	IL515rcbc35	GAGATACAGTTC	GTGYCAGCMGCCGCGGTAA	35	W2021BDC	W2021	46.95613	-115.51434	Positive	3175	4.50174373	6/8/2013	WalkePC19A_IFG13_258.W2021BDC
259.W2026BDA	IL515rcbc48	TGATGTGCTAAG	GTGYCAGCMGCCGCGGTAA	48	W2026BDA	W2026	46.9819	-115.43272	Negative	0	0	7/28/2014	WalkePC19A_IFG13_259.W2026BDA
262.W2042BDA	IL515rcbc50	AGTAAAGATCGT	GTGYCAGCMGCCGCGGTAA	50	W2042BDA	W2042	46.96806	-115.27082	Positive	1	1	7/25/2014	WalkePC19A_IFG13_262.W2042BDA
263.W2042BDB	IL515rcbc51	CTCGCCCTCGCC	GTGYCAGCMGCCGCGGTAA	51	W2042BDB	W2042	46.96806	-115.27082	Positive	85	2.929418926	7/25/2014	WalkePC19A_IFG13_263.W2042BDB
264.W2042BDC	IL515rcbc49	GTAGTAGACCAT	GTGYCAGCMGCCGCGGTAA	49	W2042BDC	W2042	46.96806	-115.27082	Negative	0	0	7/25/2014	WalkePC19A_IFG13_264.W2042BDC
265.W38BDA	IL515rcbc1	TCCATACCGGAA	GTGYCAGCMGCCGCGGTAA	1	W38BDA	W38	48.30835	-117.01642	Negative	0	0	6/4/2014	WalkePC19A_IFG13_265.W38BDA
266.W38BDB	IL515rcbc66	GAAGAGGGTTGA	GTGYCAGCMGCCGCGGTAA	66	W38BDB	W38	48.30835	-117.01642	Positive	1	1	6/4/2014	WalkePC19A_IFG13_266.W38BDB
267.W38BDC	IL515rcbc67	TGAGTGGTCTGT	GTGYCAGCMGCCGCGGTAA	67	W38BDC	W38	48.30835	-117.01642	Positive	8	1.903089987	6/4/2014	WalkePC19A_IFG13_267.W38BDC
269.W41BDB	IL515rcbc0	AGCCTTCGTCGC	GTGYCAGCMGCCGCGGTAA	0	W41BDB	W41	48.44431	-117.01783	Negative	0	0	8/19/2013	WalkePC19A_IFG13_269.W41BDB
275.W48BBDB	IL515rcbc3	CCTAACGGTCCA	GTGYCAGCMGCCGCGGTAA	3	W48BBDB	W48B	48.77407	-117.04978	Positive	385	3.58546073	9/4/2013	WalkePC19A_IFG13_275.W48BBDB
276.W48BBDC	IL515rcbc2	AGCCCTGCTACA	GTGYCAGCMGCCGCGGTAA	2	W48BBDC	W48B	48.77407	-117.04978	Positive	4	1.602059991	6/4/2014	WalkePC19A_IFG13_276.W48BBDC
277.W48BV1BDA	IL515rcbc5	TATGGTACCCAG	GTGYCAGCMGCCGCGGTAA	5	W48BV1BDA	W48BV1	48.77481	-117.04884	Negative	0	0	5/30/2014	WalkePC19A_IFG13_277.W48BV1BDA
293.W49BDA	IL515rcbc4	CGCGCCTTAAAC	GTGYCAGCMGCCGCGGTAA	4	W49BDA	W49	48.79303	-117.04305	Negative	0	0	8/30/2013	WalkePC19A_IFG13_293.W49BDA
301.W642ABDC	IL515rcbc76	TGCACAGTCGCT	GTGYCAGCMGCCGCGGTAA	76	W642ABDC	W642A	47.52898	-117.00974	Negative	0	0	7/2/2014	WalkePC19A_IFG13_301.W642ABDC
306.W653BDB	IL515rcbc73	TAAATATACCCT	GTGYCAGCMGCCGCGGTAA	73	W653BDB	W653	48.0372	-117.03094	Positive	147	3.167317335	6/3/2014	WalkePC19A_IFG13_306.W653BDB
307.W653BDC	IL515rcbc74	TTGCGGACCCTA	GTGYCAGCMGCCGCGGTAA	74	W653BDC	W653	48.0372	-117.03094	Positive	415	3.618048097	6/3/2014	WalkePC19A_IFG13_307.W653BDC
335.W777BDC	IL515rcbc80	CTTATTAAACGT	GTGYCAGCMGCCGCGGTAA	80	W777BDC	W777	48.49841	-116.82166	Positive	1	1	8/15/2013	WalkePC19A_IFG13_335.W777BDC
346.W79BDB	IL515rcbc6	TACAATATCTGT	GTGYCAGCMGCCGCGGTAA	6	W79BDB	W79	48.73227	-116.89452	Negative	0	0	8/16/2013	WalkePC19A_IFG13_346.W79BDB
347.W79BDC	IL515rcbc7	AATTTAGGTAGG	GTGYCAGCMGCCGCGGTAA	7	W79BDC	W79	48.73227	-116.89452	Negative	0	0	8/16/2013	WalkePC19A_IFG13_347.W79BDC
363.W883BDB	IL515rcbc29	AAGAACTCATGA	GTGYCAGCMGCCGCGGTAA	29	W883BDB	W883	47.77087	-116.58474	Positive	3	1.477121255	5/26/2013	WalkePC19A_IFG13_363.W883BDB
364.W883BDC	IL515rcbc30	TGATATCGTCTT	GTGYCAGCMGCCGCGGTAA	30	W883BDC	W883	47.77087	-116.58474	Positive	1	1	5/26/2013	WalkePC19A_IFG13_364.W883BDC
366.W890BDB	IL515rcbc78	GGTTCATGAACA	GTGYCAGCMGCCGCGGTAA	78	W890BDB	W890	48.08855	-116.58893	Positive	23	2.361727836	6/3/2014	WalkePC19A_IFG13_366.W890BDB
370.W898BDA	IL515rcbc79	TAACAATAATTC	GTGYCAGCMGCCGCGGTAA	79	W898BDA	W898	48.43222	-116.66645	Positive	15	2.176091259	8/15/2013	WalkePC19A_IFG13_370.W898BDA
374.W905BDB	IL515rcbc31	CGGTGACCTACT	GTGYCAGCMGCCGCGGTAA	31	W905BDB	W905	47.15255	-116.49065	Positive	2	1.301029996	8/19/2013	WalkePC19A_IFG13_374.W905BDB
375.W905BDC	IL515rcbc32	AATGCGCGTATA	GTGYCAGCMGCCGCGGTAA	32	W905BDC	W905	47.15255	-116.49065	Positive	5	1.698970004	8/19/2013	WalkePC19A_IFG13_375.W905BDC
376.W91BDA	IL515rcbc8	GACTCAACCAGT	GTGYCAGCMGCCGCGGTAA	8	W91BDA	W91	48.71337	-116.87742	Positive	1	1	8/20/2013	WalkePC19A_IFG13_376.W91BDA
377.W91BDB	IL515rcbc9	GCCTCTACGTCG	GTGYCAGCMGCCGCGGTAA	9	W91BDB	W91	48.71337	-116.87742	Positive	43	2.633468456	8/20/2013	WalkePC19A_IFG13_377.W91BDB
379.W925BDA	IL515rcbc33	CTTGATTCTTGA	GTGYCAGCMGCCGCGGTAA	33	W925BDA	W925	48.03867	-116.57018	Negative	0	0	7/1/2013	WalkePC19A_IFG13_379.W925BDA
380.W925BDB	IL515rcbc34	GAAATCTTGAAG	GTGYCAGCMGCCGCGGTAA	34	W925BDB	W925	48.03867	-116.57018	Negative	0	0	7/1/2013	WalkePC19A_IFG13_380.W925BDB
386.W953BDB	IL515rcbc36	GTGGAGTCTCAT	GTGYCAGCMGCCGCGGTAA	36	W953BDB	W953	47.72171	-116.46562	Negative	0	0	7/28/2014	WalkePC19A_IFG13_386.W953BDB
395.W953BDA	IL515rcbc93	CGCACCCATACA	GTGYCAGCMGCCGCGGTAA	93	W953BDA	W953	47.72171	-116.46562	Negative	0	0	6/8/2013	WalkePC19A_IFG13_395.W953BDA
396.W98BDA	IL515rcbc10	ACTACTGAGGAT	GTGYCAGCMGCCGCGGTAA	10	W98BDA	W98	48.2725	-116.76801	Negative	0	0	8/17/2013	WalkePC19A_IFG13_396.W98BDA
397.W98BDB	IL515rcbc11	AATTCACCTCCT	GTGYCAGCMGCCGCGGTAA	11	W98BDB	W98	48.2725	-116.76801	Negative	0	0	8/17/2013	WalkePC19A_IFG13_397.W98BDB
398.W98BDC	IL515rcbc12	CGTATAAATGCG	GTGYCAGCMGCCGCGGTAA	12	W98BDC	W98	48.2725	-116.76801	Negative	0	0	8/17/2013	WalkePC19A_IFG13_398.W98BDC
5.W1046BDA	IL515rcbc47	TATTGCAGCAGC	GTGYCAGCMGCCGCGGTAA	47	W1046BDA	W1046	48.43333	-116.38947	Negative	0	0	8/11/2013	WalkePC19A_IFG13_5.W1046BDA
57.W115BDB	IL515rcbc13	ATGCTGCAACAC	GTGYCAGCMGCCGCGGTAA	13	W115BDB	W115	48.30177	-116.72021	Positive	102	3.008600172	6/5/2013	WalkePC19A_IFG13_57.W115BDB
62.W1188BDA	IL515rcbc44	AATCTTGCGCCG	GTGYCAGCMGCCGCGGTAA	44	W1188BDA	W1188	48.37778	-116.13695	Negative	0	0	8/9/2013	WalkePC19A_IFG13_62.W1188BDA
73.W1188V5BDB	IL515rcbc83	TGTCAAAGTGAC	GTGYCAGCMGCCGCGGTAA	83	W1188V5BDB	W1188V5	48.37906	-116.13732	Positive	146	3.164352856	8/13/2014	WalkePC19A_IFG13_73.W1188V5BDB
76.W1188V6BDB	IL515rcbc84	CTATGTATTAGT	GTGYCAGCMGCCGCGGTAA	84	W1188V6BDB	W1188V6	48.37906	-116.13732	Positive	454	3.657055853	9/4/2014	WalkePC19A_IFG13_76.W1188V6BDB
8.W1055BDA	IL515rcbc71	AGAGCCAAGAGC	GTGYCAGCMGCCGCGGTAA	71	W1055BDA	W1055	48.82614	-116.41749	Negative	0	0	7/10/2013	WalkePC19A_IFG13_8.W1055BDA
83.W1191BDB	IL515rcbc45	AGGATCAGGGAA	GTGYCAGCMGCCGCGGTAA	45	W1191BDB	W1191	48.52018	-116.1739	Negative	0	0	7/5/2013	WalkePC19A_IFG13_83.W1191BDB
